{
    "loss": 3.1470911502838135,
    "accuracy": 0.8706896305084229
}