{
    "loss": 1.4071580171585083,
    "accuracy": 0.9396551847457886
}